,accuracy_train,precision_train,recall_train,f1_train,accuracy_test,precision_test,recall_test,f1_test,coef_thld_rm,num_words_rm,prop_words_rm
7,0.9982431096958384,0.9968454258675079,0.9995481247175779,0.9981949458483754,0.9404186795491143,0.9170267934312878,0.963961235614779,0.9399084600620109,4.0,2,1.1832779164842446e-05
6,0.9982431096958384,0.9968454258675079,0.9995481247175779,0.9981949458483754,0.9370516761821109,0.9109902690326274,0.963961235614779,0.9367274867569159,3.5,3,1.774916874726367e-05
5,0.9982431096958384,0.9968454258675079,0.9995481247175779,0.9981949458483754,0.927536231884058,0.8945740792802924,0.9636583888552392,0.9278320454876804,3.0,6,3.549833749452734e-05
4,0.9982431096958384,0.9968454258675079,0.9995481247175779,0.9981949458483754,0.9251939686722296,0.8988282366390398,0.9524530587522714,0.9248639905896192,2.5,7,4.141472707694856e-05
3,0.9982431096958384,0.9968454258675079,0.9995481247175779,0.9981949458483754,0.9246084028692725,0.8975748930099857,0.952755905511811,0.924342588511826,2.0,11,6.508028540663346e-05
2,0.9982431096958384,0.9968454258675079,0.9995481247175779,0.9981949458483754,0.9076269945835164,0.8712816235752016,0.949121744397335,0.9085374691984346,1.5,43,0.0002544047520441126
1,0.9982431096958384,0.9968454258675079,0.9995481247175779,0.9981949458483754,0.8449714536671058,0.7841398530529516,0.9373107207752877,0.8539108842598979,1.0,222,0.0013134384872975115
0,0.9982431096958384,0.9968454258675079,0.9995481247175779,0.9981949458483754,0.7010686575903967,0.6254980079681275,0.9509388249545729,0.7546262917567892,0.5,1371,0.008111370117499498
